{
  "results": [
    {
      "command": "cabal run smalltt bench/asymptotics.stt",
      "mean": 0.3550764729,
      "stddev": 0.008970896871928185,
      "median": 0.35117062790000003,
      "user": 0.18882246,
      "system": 0.16680624,
      "min": 0.3466541899,
      "max": 0.37119085290000003,
      "times": [
        0.3487112269,
        0.35281533190000003,
        0.34752961190000003,
        0.36044822190000003,
        0.34952592390000004,
        0.37119085290000003,
        0.3466541899,
        0.3592408789,
        0.3674234799,
        0.3472250109
      ],
      "exit_codes": [
        0,
        0,
        0,
        0,
        0,
        0,
        0,
        0,
        0,
        0
      ]
    }
  ]
}
