{
  "results": [
    {
      "command": "cabal run smalltt bench/conv_eval.stt",
      "mean": 185.21452385972,
      "stddev": 2.2751112865628547,
      "median": 184.57943874852,
      "user": 235.27415092,
      "system": 21.50756948,
      "min": 182.21109117852,
      "max": 188.46175967252,
      "times": [
        187.56631957452,
        186.85619890152,
        183.22543179452,
        184.68220613552,
        188.46175967252,
        182.21109117852,
        184.47667136152,
        183.41364223952002,
        187.90937583952,
        183.34254189952
      ],
      "exit_codes": [
        0,
        0,
        0,
        0,
        0,
        0,
        0,
        0,
        0,
        0
      ]
    }
  ]
}
