{
  "results": [
    {
      "command": "cabal run smalltt bench/stlc.stt",
      "mean": 0.18408020338,
      "stddev": 0.004057334407552916,
      "median": 0.18278883248,
      "user": 0.10126705999999999,
      "system": 0.08640261999999997,
      "min": 0.18109076548,
      "max": 0.19481635348,
      "times": [
        0.18228319448,
        0.18281263248000001,
        0.18378946448,
        0.18120084448,
        0.18383911848,
        0.18276503248,
        0.19481635348,
        0.18109076548,
        0.18621844448,
        0.18198618348
      ],
      "exit_codes": [
        0,
        0,
        0,
        0,
        0,
        0,
        0,
        0,
        0,
        0
      ]
    }
  ]
}
