{
  "results": [
    {
      "command": "cabal run smalltt bench/stlc_lessimpl5k.stt",
      "mean": 2.0366390533599996,
      "stddev": 0.04319720400852875,
      "median": 2.0189805765599997,
      "user": 1.86335214,
      "system": 0.2628521199999999,
      "min": 1.99348635706,
      "max": 2.10345489006,
      "times": [
        2.09148426406,
        2.10345489006,
        2.01458820706,
        2.00632211706,
        2.02878118106,
        1.9979670450600002,
        2.02337294606,
        2.01013941906,
        1.99348635706,
        2.09679410706
      ],
      "exit_codes": [
        0,
        0,
        0,
        0,
        0,
        0,
        0,
        0,
        0,
        0
      ]
    }
  ]
}
