{
  "results": [
    {
      "command": "cabal run smalltt bench/stlc_small.stt",
      "mean": 0.059497002199999996,
      "stddev": 0.000726054423641308,
      "median": 0.0593787392,
      "user": 0.03337394,
      "system": 0.028753219999999996,
      "min": 0.0582798412,
      "max": 0.060876498200000004,
      "times": [
        0.060876498200000004,
        0.0582798412,
        0.0594638752,
        0.0604111312,
        0.0590432212,
        0.0592936032,
        0.0596333542,
        0.0591268002,
        0.05965392320000001,
        0.0591877742
      ],
      "exit_codes": [
        0,
        0,
        0,
        0,
        0,
        0,
        0,
        0,
        0,
        0
      ]
    }
  ]
}
