{
  "results": [
    {
      "command": "cabal run smalltt bench/stlc_small10k.stt",
      "mean": 0.95399775186,
      "stddev": 0.017126378329209276,
      "median": 0.94599903676,
      "user": 0.74827314,
      "system": 0.27933697999999996,
      "min": 0.93880907826,
      "max": 0.9862912782600001,
      "times": [
        0.97144282226,
        0.94756624026,
        0.94707624026,
        0.94492183326,
        0.9862912782600001,
        0.97621004426,
        0.94094059226,
        0.94353511826,
        0.94318427126,
        0.93880907826
      ],
      "exit_codes": [
        0,
        0,
        0,
        0,
        0,
        0,
        0,
        0,
        0,
        0
      ]
    }
  ]
}
