{
  "results": [
    {
      "command": "cabal run smalltt bench/stlc_small5k.stt",
      "mean": 0.65061880786,
      "stddev": 0.007762314989479254,
      "median": 0.65349330496,
      "user": 0.4275524599999999,
      "system": 0.25129866,
      "min": 0.63774024646,
      "max": 0.65871814146,
      "times": [
        0.65820188746,
        0.63774024646,
        0.65398193746,
        0.65300467246,
        0.65871814146,
        0.64212175846,
        0.65444106146,
        0.65593046846,
        0.63973624346,
        0.65231166146
      ],
      "exit_codes": [
        0,
        0,
        0,
        0,
        0,
        0,
        0,
        0,
        0,
        0
      ]
    }
  ]
}
