{
  "results": [
    {
      "command": "cabal run smalltt bench/stlc_lessimpl10k.stt",
      "mean": 3.7519348952800007,
      "stddev": 0.08023484357380645,
      "median": 3.76857028578,
      "user": 3.61636668,
      "system": 0.29158984,
      "min": 3.63261113578,
      "max": 3.9095409247800004,
      "times": [
        3.66159589078,
        3.78068671178,
        3.9095409247800004,
        3.77893109178,
        3.7999507777800003,
        3.63261113578,
        3.74146221678,
        3.75820947978,
        3.6754493197800002,
        3.7809114037800002
      ],
      "exit_codes": [
        0,
        0,
        0,
        0,
        0,
        0,
        0,
        0,
        0,
        0
      ]
    }
  ]
}
