{
  "results": [
    {
      "command": "cabal run smalltt bench/stlc10k.stt",
      "mean": 3.98604326686,
      "stddev": 0.16955666908553638,
      "median": 3.9466649187600003,
      "user": 3.9775024799999996,
      "system": 0.40821848000000005,
      "min": 3.8655153382600003,
      "max": 4.4408219012600005,
      "times": [
        3.87316478026,
        4.02652746026,
        3.95112534226,
        3.9422044952600004,
        3.96633785226,
        3.8655153382600003,
        4.4408219012600005,
        3.90244877726,
        3.8779062032600002,
        4.01438051826
      ],
      "exit_codes": [
        0,
        0,
        0,
        0,
        0,
        0,
        0,
        0,
        0,
        0
      ]
    }
  ]
}
