{
  "results": [
    {
      "command": "cabal run smalltt bench/stlc_lessimpl.stt",
      "mean": 0.18024906156,
      "stddev": 0.00808387411970394,
      "median": 0.17820755696,
      "user": 0.10388637999999999,
      "system": 0.0769025,
      "min": 0.17372037096,
      "max": 0.20185757196,
      "times": [
        0.17518392096000002,
        0.17760060696000002,
        0.17881450696,
        0.17730960896,
        0.17372037096,
        0.17979182896,
        0.20185757196,
        0.17488969596,
        0.18273385396000003,
        0.18058864996000001
      ],
      "exit_codes": [
        0,
        0,
        0,
        0,
        0,
        0,
        0,
        0,
        0,
        0
      ]
    }
  ]
}
