{
  "results": [
    {
      "command": "cabal run smalltt bench/stlc100k.stt",
      "mean": 37.15694960142,
      "stddev": 0.5880352066138895,
      "median": 37.38135288142,
      "user": 40.574858979999995,
      "system": 1.6828447999999998,
      "min": 36.15256660992,
      "max": 37.73475404192,
      "times": [
        37.36861590392,
        37.64291999792,
        36.15256660992,
        37.49393357392,
        37.39408985892,
        37.24714959492,
        37.73475404192,
        37.66581846192,
        36.36906854092,
        36.50057942992
      ],
      "exit_codes": [
        0,
        0,
        0,
        0,
        0,
        0,
        0,
        0,
        0,
        0
      ]
    }
  ]
}
