{
  "results": [
    {
      "command": "cabal run smalltt bench/stlc5k.stt",
      "mean": 2.14914871024,
      "stddev": 0.039009768476297536,
      "median": 2.1665649475399995,
      "user": 2.00470436,
      "system": 0.32943146,
      "min": 2.09001252904,
      "max": 2.19223230204,
      "times": [
        2.10622954204,
        2.1647308010399997,
        2.17953022904,
        2.18604169904,
        2.11626266804,
        2.09001252904,
        2.10888869004,
        2.1683990940399998,
        2.17915954804,
        2.19223230204
      ],
      "exit_codes": [
        0,
        0,
        0,
        0,
        0,
        0,
        0,
        0,
        0,
        0
      ]
    }
  ]
}
