{
  "results": [
    {
      "command": "cabal run smalltt bench/asymptotics.stt",
      "mean": 0.40550536206,
      "stddev": 0.007462707339320025,
      "median": 0.40659286336,
      "user": 0.19839289999999998,
      "system": 0.21146172000000002,
      "min": 0.39262287286,
      "max": 0.41582563586,
      "times": [
        0.39540506286,
        0.41082119686,
        0.40542346886,
        0.40843709386,
        0.41582563586,
        0.40568068186,
        0.40021800286000003,
        0.40750504486,
        0.41311455986,
        0.39262287286
      ],
      "exit_codes": [
        0,
        0,
        0,
        0,
        0,
        0,
        0,
        0,
        0,
        0
      ]
    }
  ]
}
