{
  "results": [
    {
      "command": "cabal run smalltt bench/conv_eval.stt",
      "mean": 269.09708592146,
      "stddev": 3.3349393042954687,
      "median": 269.12225941596,
      "user": 462.72301260000006,
      "system": 66.1733359,
      "min": 264.65130481746,
      "max": 274.38234279346,
      "times": [
        270.37189111446,
        272.07008839746004,
        274.38234279346,
        267.87262771746003,
        265.21634426346003,
        267.29205896846,
        264.65130481746,
        271.88850906646,
        265.98083122746004,
        271.24486084846
      ],
      "exit_codes": [
        0,
        0,
        0,
        0,
        0,
        0,
        0,
        0,
        0,
        0
      ]
    }
  ]
}
