{
  "results": [
    {
      "command": "cabal run smalltt bench/stlc_lessimpl.stt",
      "mean": 0.5832042842799999,
      "stddev": 0.03098225021531958,
      "median": 0.5739696438799999,
      "user": 0.33730386,
      "system": 0.24827762,
      "min": 0.56549504638,
      "max": 0.67018614438,
      "times": [
        0.57260722038,
        0.57455244038,
        0.67018614438,
        0.57338684738,
        0.57519335238,
        0.58475350238,
        0.57508447638,
        0.56762760838,
        0.56549504638,
        0.57315620438
      ],
      "exit_codes": [
        0,
        0,
        0,
        0,
        0,
        0,
        0,
        0,
        0,
        0
      ]
    }
  ]
}
