{
  "results": [
    {
      "command": "cabal run smalltt bench/stlc_small.stt",
      "mean": 0.08142105261999999,
      "stddev": 0.008113026960140289,
      "median": 0.07815664051999999,
      "user": 0.045153000000000006,
      "system": 0.03657822,
      "min": 0.07754962402,
      "max": 0.10405525302,
      "times": [
        0.07789286502,
        0.08065412402,
        0.08185667502,
        0.07757290802,
        0.07769688002,
        0.07842041602,
        0.07770468702,
        0.07754962402,
        0.10405525302,
        0.08080709402
      ],
      "exit_codes": [
        0,
        0,
        0,
        0,
        0,
        0,
        0,
        0,
        0,
        0
      ]
    }
  ]
}
