{
  "results": [
    {
      "command": "cabal run smalltt bench/stlc_lessimpl5k.stt",
      "mean": 10.08384620714,
      "stddev": 0.18793942291628316,
      "median": 10.07131905944,
      "user": 10.198481860000001,
      "system": 0.428319,
      "min": 9.87219471044,
      "max": 10.306463471439999,
      "times": [
        9.92601492644,
        10.306463471439999,
        10.27768428444,
        9.94741650844,
        9.87439445244,
        10.195221610439999,
        9.93014955244,
        9.87219471044,
        10.30095362944,
        10.20796892544
      ],
      "exit_codes": [
        0,
        0,
        0,
        0,
        0,
        0,
        0,
        0,
        0,
        0
      ]
    }
  ]
}
