{
  "results": [
    {
      "command": "cabal run smalltt bench/stlc_small5k.stt",
      "mean": 1.35608401008,
      "stddev": 0.02401380727279634,
      "median": 1.35634603688,
      "user": 1.18472552,
      "system": 0.32596211999999997,
      "min": 1.32785283238,
      "max": 1.38914705538,
      "times": [
        1.37154534938,
        1.33411069438,
        1.34114672438,
        1.3818332313800001,
        1.3760305723800001,
        1.38914705538,
        1.33393228438,
        1.37235926938,
        1.32785283238,
        1.33288208738
      ],
      "exit_codes": [
        0,
        0,
        0,
        0,
        0,
        0,
        0,
        0,
        0,
        0
      ]
    }
  ]
}
