{
  "results": [
    {
      "command": "cabal run smalltt bench/stlc5k.stt",
      "mean": 12.91780386476,
      "stddev": 0.11473271024616699,
      "median": 12.920910770159999,
      "user": 20.608103519999997,
      "system": 4.675420600000001,
      "min": 12.65945336566,
      "max": 13.05091303866,
      "times": [
        13.00197349066,
        13.02048970866,
        13.05091303866,
        12.89889051166,
        12.878033091659999,
        13.001677000659999,
        12.65945336566,
        12.845858913659999,
        12.87781849766,
        12.94293102866
      ],
      "exit_codes": [
        0,
        0,
        0,
        0,
        0,
        0,
        0,
        0,
        0,
        0
      ]
    }
  ]
}
