{
  "results": [
    {
      "command": "cabal run smalltt bench/stlc_small10k.stt",
      "mean": 2.4091796273000003,
      "stddev": 0.04539749973021684,
      "median": 2.411816561,
      "user": 2.40389506,
      "system": 0.38234685999999996,
      "min": 2.3461460645,
      "max": 2.4906524955,
      "times": [
        2.4387555005,
        2.4226552265,
        2.3520574185,
        2.4906524955,
        2.4019338385,
        2.4046379075,
        2.4494886605,
        2.3664739465,
        2.3461460645,
        2.4189952144999998
      ],
      "exit_codes": [
        0,
        0,
        0,
        0,
        0,
        0,
        0,
        0,
        0,
        0
      ]
    }
  ]
}
