{
  "results": [
    {
      "command": "cabal run smalltt bench/stlc_lessimpl10k.stt",
      "mean": 19.63520564332,
      "stddev": 0.32393563597682523,
      "median": 19.51348825822,
      "user": 20.11066276,
      "system": 0.50477656,
      "min": 19.28918432572,
      "max": 20.24446768572,
      "times": [
        19.52400553672,
        19.98839974372,
        19.424428204719998,
        19.59572643872,
        19.31064553172,
        19.50297097972,
        19.98829462572,
        19.48393336072,
        19.28918432572,
        20.24446768572
      ],
      "exit_codes": [
        0,
        0,
        0,
        0,
        0,
        0,
        0,
        0,
        0,
        0
      ]
    }
  ]
}
