{
  "results": [
    {
      "command": "cabal run smalltt bench/stlc10k.stt",
      "mean": 24.597675759459996,
      "stddev": 0.34370629297439625,
      "median": 24.44548476576,
      "user": 40.000093400000004,
      "system": 7.25198628,
      "min": 24.14438965726,
      "max": 25.13277104626,
      "times": [
        24.30275278026,
        24.14438965726,
        24.96113825526,
        24.42396584426,
        24.46700368726,
        24.99661289826,
        24.34910985326,
        24.39440503626,
        25.13277104626,
        24.80460853626
      ],
      "exit_codes": [
        0,
        0,
        0,
        0,
        0,
        0,
        0,
        0,
        0,
        0
      ]
    }
  ]
}
