{
  "results": [
    {
      "command": "cabal run smalltt bench/stlc.stt",
      "mean": 0.6119817497200001,
      "stddev": 0.01226653508114424,
      "median": 0.6138452268200001,
      "user": 0.4260803,
      "system": 0.32621377999999995,
      "min": 0.59612449782,
      "max": 0.63489530082,
      "times": [
        0.60690834082,
        0.59612449782,
        0.61982272482,
        0.5998791628200001,
        0.61623701182,
        0.63489530082,
        0.61672712482,
        0.59696963282,
        0.61145344182,
        0.62080025882
      ],
      "exit_codes": [
        0,
        0,
        0,
        0,
        0,
        0,
        0,
        0,
        0,
        0
      ]
    }
  ]
}
